{"cameraMode":{"drawMode":0,"name":"Shaded","section":"Shading Mode"},"sceneLighting":true,"audioPlay":false,"sceneViewState":{"m_AlwaysRefresh":false,"showFog":true,"showSkybox":true,"showFlares":true,"showImageEffects":true,"showParticleSystems":true,"showVisualEffectGraphs":true,"m_FxEnabled":true},"in2DMode":false,"pivot":{"x":-2.340993642807007,"y":4.907821178436279,"z":8.49416446685791},"rotation":{"x":0.009296257980167866,"y":0.9624307155609131,"z":-0.2694834768772125,"w":0.033219508826732638},"size":1.6422580480575562,"orthographic":false}