{"cameraMode":{"drawMode":0,"name":"Shaded","section":"Shading Mode"},"sceneLighting":false,"audioPlay":false,"sceneViewState":{"m_AlwaysRefresh":false,"showFog":true,"showSkybox":false,"showFlares":true,"showImageEffects":true,"showParticleSystems":true,"showVisualEffectGraphs":true,"m_FxEnabled":true},"in2DMode":false,"pivot":{"x":-24.509815216064454,"y":3.880312442779541,"z":-1.1672779321670533},"rotation":{"x":0.0541820228099823,"y":-0.9440657496452332,"z":0.25762030482292178,"w":0.19855287671089173},"size":1.4254341125488282,"orthographic":false}